CPSC 2108, MATH 2125, CPSC 1302
CPSC 4135, CPSC 3175
CPSC 4175, CPSC 3175
CPSC 4176, CPSC 4175
CPSC 4115, MATH 5125U, CPSC 2108
CPSC 4148, CPSC 4115
CPSC 1302, CPSC 1301K
CYBR 2159, CPSC 1301K
CYBR 2106, CPSC 1301K, CYBR 2159
CPSC 3125, CPSC 2105, CPSC 2108
CPSC 3131, CPSC 1302
CPSC 4157, CYBR 2159, CPSC 2108
CPSC 3121, CPSC 2105
CPSC 4155, CPSC 3121
CPSC 2105, CPSC 1301K
CYBR 2160, CPSC 1301K
MATH 2125, MATH 1113
MATH 5125U, MATH 2125
CPSC 3165, CPSC 2108
CPSC 3175, CPSC 2108
CPSC 1301K
MATH 1113